age,sex,localization,Contrast,Energy,Dissimilarity,ASM,Homogeneity,Correlation,lesion_size,red_value,green_value,blue_value
71,1,10,6.395857067777369,0.6903908091448807,0.8783950091621442,0.47664488321381226,0.7985880093683689,0.9915580336173813,3347,2300592,2054471,1877704
