age,sex,localization,Contrast,Energy,Dissimilarity,ASM,Homogeneity,Correlation,lesion_size,red_value,green_value,blue_value
71,1,10,74.43284970714853,0.8157966904556878,2.571097545895031,0.6655258425975189,0.8365802733917271,0.9838158728884235,3571,986486,780348,691437
